project_id,project_name,display_name,transaction_count,active_days,active_addresses_count,gas_fees,is_eligible,has_defillama_adapter,has_bundle_bear
rxrN8HnLLV8SOP3md3NfXpntywh7F7n5fuRMqFB3Upo=,0x4288aacdda65af69c03b2c9b9d057e2b93ed1b7671e481b03c6a7b33349d2365,Aerodrome Finance,296739144,180,1404902,9728.068302981877,True,True,False
Jr4krZ4lp1dMiTRDwmF2R9Hw4mF3rsukcBCM4pnF/fc=,0x9d9162fac637991d2a56da8fbe03dba24c87eb82d47c7a00b921e39e956f8a9d,Uniswap on Superchain (Oku),98316074,180,26568519,6916.321181721282,True,True,False
5/9fRbVoDF7pHwBdiMbNUbKhidEt/12Ojt9f8cWoZnQ=,0x08df6e20a3cfabbaf8f34d4f4d048fe7da40447c24be0f3ad513db6f13c755dd,Velodrome Finance,57137344,181,518085,265.3233218349739,True,True,False
HgZEmwMqbOcnLVW065exx9nhiBr6eoEA2any9TRsGfc=,0x780cf3d5aa4e3c94b8a4157f4b06a3f92ebcc20813585e20e3fe0271bf76b7a9,Virtuals Protocol,56318779,180,932912,1832.2793903849024,True,False,False
MSfDkUunLKtfuMRdZuSxuemESQuIWKFCh1O6ySIEUs8=,0xb98778ca9ff41446e2bc304f7b5d27f0fa7c2bcd11df19e22d1352c06698a1f6,Account Abstraction - ERC-4337,22635189,180,2470,1733.1008760453917,True,False,True
cTfk+RW4AUsig6i213MsTu+SdMtKCv63qOLCX1M091g=,0x40ee6048c99aefd288f6133db207849d0951fe6b62afa1cca0db5a4ad7f558de,ORO,18989540,116,1101,1.748861307833928,True,False,False
CFKotAGe0czMhAGy94iDJA4xQ48OLiKDZ9SfTsWvutE=,0xca3f26e1c876e821d2384a5cb699c6be494f9810301c2e2be49c232656262642,BaseSwap ,12260686,180,844218,112.07642145112814,True,True,False
Hkw3vi9Mx7OBvoKuyZ8MPOA5ZBX3Aj4wukrveVBmkh8=,0x41b2ae8a2ead458ff7c85549a9a11380353e1ae4b234666312d495326636f77a,Sushiswap,10193289,180,854998,91.58002635760745,True,True,False
fN+LFwTxCdNTzXYD1xfU/hGSxIMv9/pSE/AQlo7GzVM=,0xf4e56e0c6654d6ef621191708f27ee20242462f541d3e79dc5512e1a10d90736,Eggs Vault,8329355,109,82,0.20266741642876912,True,False,False
ZpLND65a7Iy7VJrIjdjCjrQzAFi4JaJpkYeg3DJlrsE=,0x91a4420e2fcc8311e97dad480f201a8ce221f2cd64c2de77280cbcc6ce193752,Layer3,7175861,180,635446,90.1501102859921,True,False,False
sw8ehEEk8y0FK2GSDVnFLz7M9erX6RSQdSAgGDmiwEs=,0x517eaa9c56951de89261f2d7830ea49aae92f2a903104a17d9c5c2edd4959806,LI.FI,4955797,180,835544,104.53896257680199,True,True,False
J0XRgzUEfqUaJG2eQgi+1n49zo66RSLI2qz/I8B6mVI=,0x9fb539aa3ddb63cda1c29b50fbeaa6071f290926ce10f3d224233577b823454e,UNO,4770821,114,23,0.29777910718098605,True,False,False
inHPXAwcpnmNnzuMDBO9CsDuph+M4UNF3XwNNhTpafs=,0x72723e07fe409557489a6643b43d9493a94c10ba68230b0527f01834cb6a550f,Across Protocol,4501112,180,852297,188.8809426907632,True,True,False
91qfxPoeZBT6hPZrVLYcaDcgwMNG5MDH77cGiTtBxyQ=,0x70624cd9a8be4ead96e5097025eb645b9848e2643e5025a4006dee2cff1a4138,WAGMI,3728521,180,2743033,8.98098737697737,True,False,False
VsbnIqH0Z8ErW7VixsMTGcLVf45E645bcxAVcD/KZT0=,0x3061b642db56c507e265f03029735b0413a613bda43456a31e78128baeb18754,Aave,3383001,180,278245,150.18252909999475,True,True,False
P3dU/62sTr3knh18S5WwzzLcKv9x57/A/r/Byn2LtPU=,0xdafc4d2a060c7d08913ceb05b19c4fe7fb6d93a7f5f1142642be939be16bf6e9,DNA Token,3069748,105,317,0.1884542549626388,True,False,False
x91Urxvh3gomZ6NPe6Ze1RC30INtlzy4nlOwvxwRQnw=,0xfd9f98de666c5b0a5ce96d4a4b8d4ceee9f8c2156734d57bf6c23d0cff183e90,Kim Exchange,2470125,180,31878,2.9734614623619424,True,True,False
g1pi0NuLcPtSAjpxGRMTIM2ZRs5y6h3IpcW0PRKvSQo=,0xfc54b4a9c537be25238cba3f05100b733aeee83a3eb3fdae60d651b3b913390c,Multicaller,2412482,180,349506,6.545017907811501,True,False,False
7o3rQns2QxmMIyr/Lp6EXIqBE9mvqX+1V6tQ8g1t/MM=,0x000c2ce4773defb3010a58d3800d0ec9d432189c574ba26d3103f1db44a5af6d,WOOFi,2117942,180,134460,36.223795317608946,True,True,False
zdNq7Cvjqx03oRiL22rCANVA7/8MBGaoc3InNwm3LCA=,0xb620f012eb197e5661f65c1a5aee6a4bbb43629f0056879ae4dc66adf8383ae3,ORB,2100919,116,1561,0.21220297513146563,True,False,False
EJUt2EJYkUW6syL+DvamNodWqwKtan54giN9q3uFecw=,0xe8833ceee8beb2b3fb0f7f2dcef576f6f9cf20e35d8e53324d71b0ed47b01982,SOCKET protocol,1970305,180,486180,22.36110698540328,True,False,False
ParVcJYkCyRk+qO7XPmDbVj5aSgt31G8nCisCdN9fBg=,0xd4f0252e6ac2408099cd40d213fb6f42e8fa129b446d6e8da55e673598ef14c0,Moonwell,1966184,180,150059,487.82044553708283,True,True,False
Ev7dKCphBYkf+NNT80NfBdyEIVWwBZc/1xctF4i+V2A=,0xfe8e35b3487bd0e0457b9431b12b73403ca1f5c9c19dd1db81a2317c97c1e1a2,Stoke Fire,1733442,154,9087,43.02057266446905,True,False,False
xU438Viei8ELWQdDgR6NraNpkl1TUXbnHjaCd5NN0QA=,0x18923b60296e26a8ce35a0b4754cd6fd5427b2820a202f82901c826794fdbc9e,Sake,1721987,54,170496,37.897301960664784,True,True,False
qORdAv/JC4no/SKjJY5GbK3FSmUyOyhSl0oXKsJ6B6g=,0x24ff0fb2933e55b169a80d9bd35a00a7011795387717b27445ccdc0f8660d740,OpenOcean,1718681,180,400929,75.83142462776249,True,False,False
g4qi9EqhPO1tGvlPtWynCaP71tw4Gjrzc+UokJDZz2Y=,0x18e7582de42dd9a7fd2cb69fb6566b8bcb3e86b936b229b0c5af78fa1de791a4,DackieSwap,1528877,180,165675,10.95188735643833,True,True,False
D/phNjIkMkuESYi0XbICo299wHOagQbo2WSAyODxDp0=,0x62e37e96aa6e1cbfb6bd24b97c4b8f1e12cc3fe35d5388d2f041c42a12b40745,Stargate Finance,1505657,180,219912,13.037652212129572,True,True,False
NdwYMf5FYV0V3mi7zOJ4ABpqc2klQTCimnNKCqvZ4z0=,0x491ffd3c2e4c25ab7fbdbefe0f5fc8dc2beee5ab801287b9c6c93c9c3c810463,SwapMode,1501888,180,29092,0.8385984469919129,True,True,False
WvG0+xCgbgk6IN8ZUd/VRBFLGPobR5t0TCxeWWyBrYQ=,0x8595f830f4d1716621d19bca6394f304837133fb473d8fcd1699e84402df1409,SwapBased,1444855,180,152256,25.581238565566366,True,True,False
bDxpkfd5t/ov2xAQJgRxa1+8NHWM85j0W90gc6Nls1c=,0xda8c593717693ef30f5c62fc2689709784324cfb9b5fe92c9db3a47f596791e5,Morpho ,1399097,180,94892,40.585657258588775,True,True,False
2NhWIeNvC8fOFWoX3/SsLCHtwifSk3TYSEagnfFthIk=,0xb26d9315cec30e60b52efd523c25a260c41d573458b246e60cf2de76eefd15a4,MintSwap Finance,1013847,180,136336,33.677635034132976,True,True,False
RxZsvgAlu4U6NJPHoDaURU2dSy/x7ey1UKzAk3pahTE=,0x2c41bf7b4d36a344881581e20ecb2929d38c3415fffa4bf65f81ae049dfb2e72,PUF,851301,83,119,0.06363918091129593,True,False,False
23XIt7EgzQNc2AdcEzTg7GbjT5kKY1lNFfmcGQvrkWA=,0xefaeef1446de875ab6e50d31c8dbe776f99d884cb8cb68d50b1384067e4aeb6b,Synapse Protocol,847888,180,63925,135.0925279688943,True,True,False
rV6VRIUtgdaeu5+g1y7vloRmK9sbBEl3rFCs1r7OR7A=,0xb926ab918147d2264dba94a429eb07986aa533fd6062a78736d3eda4e0b4a69b,Oku Trade,841246,180,131608,6.3913128970253,True,False,False
1Ll7MLXCxNJFxQCuBEdRnRVk164keWjynVtQJF++xGU=,0x512f97f1de28ad530f752d53bf4f56ed16d34a3121f0512cd5a0485c2074b312,Extra Finance,808367,180,68043,87.64161839724967,True,True,False
b0ma4f7o65FUNGRC2R4eb8Fo7DB6imYfqrM3S0JQ4tc=,0x70ba3cb2e433f1cd9ace8aea84c46d167ba5db12293cd108eaca068d06be3a71,Gains Network (gTrade),764109,158,5341,163.20019348413393,True,True,False
Js09gjzwO4g6aeV2Fb+ZNlHypJc4DlUozk3enNLotIc=,0xcbfdcf8f724d73504d1518d5ecd7d7256b12d37e68cd84569b383bfb6e2eeea4,Dmail Network,738263,180,113148,2.471045065418051,True,False,False
wzX0MzHFlylzzHVBLRO8ZX30RYXbg4h3K8XwNrRmJos=,0x0b8acaf73a25ba1f64bf829f9678beb8b7edf825353ebea38085590d78d74d5d,Tokiemon,690881,168,49130,6.773214299900396,True,False,False
iXR35Xnzm4ioS5d0Eka/UAnUN9CHj4iasG/B8CgiWP8=,0x7539f43dc91f9c406c83a06339708e4033cdbf630916c6dfb9de2b5ef811affd,Seamless Protocol,683491,180,81892,25.51550609545099,True,False,False
FT3wZj26UAebMH4ywu7oQvrie1GQSmu9aogl40bsCWQ=,0x0008577196fa6ec286440b418e2f6305fc10e62ce759625d826be272ee6b45a3,CreateX,650318,180,51156,4.566787622142992,True,False,False
a71tbYAPlOpIwh4+Y591PqZ/kYIbS4qRRpQ8WH2w4oM=,0x3526b9c6fdc34076d7d2c31893b94e760f4d5a010387b6b76b45f8b5577ceb98,Gyroscope,593605,180,158586,2.163733450717627,True,True,False
Ze2CblnBaz2Apm6a00KjwAZ7N4K5yxDUpXlK+mDkwJw=,0xa88844cea135382e3484e39c3172033437121b35ca0bc8b10b9b8253984876b5,Ethereum Attestation Service (EAS),582300,180,32397,1.8342061538360377,True,False,False
JbP9BR4xjNu+yvhnSQkWqjlTW33drd+NLR8HY0uie84=,0xe5c133e05956a3939b9a78f4ad5d0a897a027da60a7d5e1b6276a2266211f69f,BMX,582092,180,37882,28.456938997008248,True,True,False
iHkkzr7r4TtJl1Pe3jRW6Le1xzeaou/GJe/x5F+VKcA=,0x5614d129eba060ce7d224e8e8f9f29aeddfdb572b0dd45edc81f18f5307bc01a,Send,575324,180,2931,3.949418627079781,True,False,True
imahnjIpbGgSkNyqkOjhlczoUga8ECPoEpirrLs68jQ=,0xbcb5c437d5347be21add3972512679054416805274f80e85ab8053ae79340a69,Ionic Protocol,553867,180,39317,9.886507608051518,True,False,False
H0Wcz4f5bYNrMNDSdwJt/pRqNRK2olM1vl2qk15M+4o=,0x4eaa0df4cfbda85126db57a231598d33c283b8aacf3a441539877ce7e17be22a,daos.world,518414,71,82483,6.731097137942687,True,False,False
gUFAlmQjlPwJ47EfIYcW8OScZ5iHFZBD/TE4Mhx9WQc=,0x850df51e29f2846a5f085d88e6b6fc13fad51ad7161f8a825ed09d470668161a,Party.app + Party Protocol,485743,180,94410,8.435414334512798,True,False,False
VTFjeAN76kGnqTqKP+SMe2HPaIKY3wKvwo613l6OWN0=,0x098fca4a62159ddfc2c45dc2931a727d56f039b8f68e31222b927aaf2ce75b9e,pods.media,469281,180,45062,23.7899825864495,True,False,False
vCa+wBp0799NJ8j9L6UgKxKmqiLT95Zk/aQX/hXty7c=,0x0ee3defac0e2a31b995bc073ac02a2140aaf01679e141eb8d1d80409f75f90ea,Mint Club,447250,180,82363,13.239528535727747,True,True,False
tEUQBjhYBdWaLRVt375K9avn6ysFWbvqZz85jmaPR2w=,0xf24315614063278ba3543e1717791132a9afa79b0e65baa01a85bcccbdfa215f,deBridge,431583,180,71307,85.33481914890777,True,False,False
lWJtSU1/x0pxa2x/PDlxUrIjG951wWu6c2WXiUCUKO4=,0xd3d00c946f62ac8cf49a85e3ab7d295d3b56f68d0b9f1fa4d595742fa372cf78,Compound Finance,429540,180,82830,14.75005043212543,True,True,False
JvriFQ0NlFxB3+GIDPJQShc9f52TRc/cmOcLdzUPgL4=,0xffffeb1d3576c1e847701c225975ee1a10259e05366b477e98fea7a47c5e5896,Rainbow (Rainbow Router),424259,180,50762,10.953721032536336,True,True,False
Vbt0Je/QVMzwz2kXjZhu4hCHrfa5JmL17azwgy9pDRY=,0xc938557155993da8f33857e52d7deb04421d1bb341fc24216563aae64fe32d36,BSX,417434,180,10052,43.14769420531773,True,True,False
nrBN5UU9cny2/KPrQFVI7k6AOnIRr7gYok3UIwdpq6c=,0x3ecbf66c1b21342b26acb0f7d4c6b8bbbef168ffafff3f425de3503fd8dfa535,Superfluid,375260,180,31225,26.74972961809751,True,False,False
0eM1b8HKnTMw5hgzgPw3l3m4A4wwTQd/0e1rFWNPz8o=,0xd54e1032bf16d649f8f8f0a7da42a249966ad4a270b4c17b24ded1e32c97b2bf,NFTs2Me,372818,180,107593,1.6028718949344396,True,False,False
sMEYAIHyC7RMbAjCcImJti3PrNJCoQPycDnIfVBvxiI=,0x482720e73e91229b5f7d5e2d80a54eb8a722309c26dba03355359788b18f4373,RubyScore,364668,180,34833,0.5154446352997772,True,False,False
5JISU2Dd3upAAQxpI6eEKNuI/pWdKGu5Z36klLtZvXc=,0xdc28e29764ca79368f426f106458f2c427392e32d088b04f4c372ab51b25d2cf,Meson Finance,325676,180,16894,3.7506195698686366,True,True,False
OVIxgHj4N8zf/sBSYEBssZf0Nyz6mCaIEJa0exm7PoM=,0x7974baaeef5e3af2e165a0911471ccddcb47d8ca74438558a89abb515aa64275,Krystal,323965,180,39205,21.01819071771172,True,True,False
1TLTRUof21yQ9U4hpzbBFOxsAYwtkoq1KsBpe3xQgtk=,0xc3a50c1784f3ac4fc8ae72d07cf0bfcf933e3d23ffb5a3ab46263182a098e617,remx.xyz,315078,180,591,2.1285779751806255,True,False,False
/Hxq4RTbKkeetoxVgusMQJX3vx6CFQQU8oZccJFAvmg=,0xeecfa614f020c2ea4c2eb431246befedf35ddc6c52cfaa83d0c4caf2f580f9f4,doginme memecoin,277738,180,35112,9.322788105556164,True,False,False
57FvWwsyNX2cCoYXRlrD084qD9kG/nh1tYNWPswNSs0=,0x4d71401a0dbd9b3dd890fbc70baaf872d16db80af149e20f7ef1805fc94f6df6,Router Protocol,261655,180,84058,3.1206018733001337,True,True,False
XLvkdswVcDHS98ET9dfOceXRGZFTzV/dYrPUB8DA2Bc=,0x96767e87a27cdb9798f40c3a6fd78e70da611afe53a5e45cbaafc50cae4ad0e7,Sonus Exchange,253658,47,37326,11.577518673581364,True,True,False
0IoaqfH0mkl61jIvWC/JWobbYPP2gn9rTTSuF2/Ydew=,0xafca3591b83586f14e21b397135b95af668f5ebb54cb45053af44a73df7d7640,Layerswap,229638,180,175138,0.10087409862776617,True,False,False
7EueslOSAcOTAgLquDFENtOlSVcp6+Ti4F4AJDjHiBg=,0xc8ce0bfc7cd141c57a816cce213471208a1f6136c7aed5282c2c41b434006518,Bedrock on Optimism Superchain,228036,180,65312,9.368441079827068,True,True,False
mdb4FjuCCmOI5Tc+xwDeXfQd/1Nm2o7JZy8ZHzlxC9o=,0x259b729af86ba38c0c84be9b739dfbca109a6df985371d8cabd43116d18d7a1a,Flaunch,227434,30,17072,67.46231324743292,True,False,False
g2gW16kX/8gl4n71esfphgWmt4r2COs4Bc9cGM9025Q=,0x7262ed9c020b3b41ac7ba405aab4ff37575f8b6f975ebed2e65554a08419f8f4,Sablier,216428,180,77399,2.209963058159262,True,True,False
2d1UftVv4xC+BHialsxoPjC1WJDySvOpnH9o+3sQFYc=,0x85bef37b528ec9d7e1a9cb864e298e3c117071507acd3f522c28561435d167f5,rhinofi,203869,180,60377,1.6228623975705334,True,False,False
gw1/n9hvDoPA0W0U9NMZ74RsNSQViz+i6ArfdDqPn8E=,0x3d009f8f7c1e8a3bcbc81ca8ed60d2e86b956dd0fa68c4595f851be37052a2b5,Guild.xyz,203140,180,134163,4.170713604876458,True,False,False
JTetyUvTgu3P3fKekPJHOjCG1Uuv2TfuDHm9hjADzPM=,0x149bc5c396fd3dccac39c92164bb6b8bccc4d215321b58e241af07a76616e031,Hop Protocol,200522,180,110736,3.503096964925208,True,True,False
xOZNIZHXWrA+JWBmcsHybyHDy0WZy/gOyw1VaqAupG0=,0xff1edf67227651293a9cff4dce3577c6ca52bf8c7c6f5f133f07b05255379b27,Kelp,194100,180,29155,0.3634569849618049,True,True,False
WHFAB3T/+twwBk665nB9w6CsvlhsOEpfPMTT+AfOcmY=,0x7eb6ba7a1057659d04ec414446c1b32509bf57704958139266c7120903446ad6,Pinto Protocol,192589,101,12665,51.72293746449089,True,True,False
r3lF/NNRd0zzZXI+9kT2/r0rohb1fra20npNdnPi/ys=,0x9c691ba3012549259099205cc1a7ca4d09d9b7a24a1b7b821b52c7bf1c9b89f4,Origin Protocol,163351,180,19737,1.7967688873579233,True,True,False
HWseNMpaGXySSUevj2VVHOyjIcwPrWDZaV1BEkOzPQg=,0xa09305aa57a60e362b11911666f6310f46c959ead9116333d2e7ca91aee180bf,Super Account,160404,152,57464,0.15733965502349287,True,False,False
xIbbe0c5UuvK+FcT9NA6+83THJRxj1w9FnFI1PaYAGo=,0x82edc3ac2a03da21c5a6033159ba8e97aab2f61dc5d1d9813929fea6d6c35362,Superform,151901,180,22646,2.0541880818811666,True,False,False
8KoGcAjv//eKoINV7i7nOfZwp7lSOd8rO+wr18AGDOQ=,0x558ad0914eaf21a4965b2e4b7fef4cd66ef9d5bb861c5c42f4795a9e4614df71,Chonks,140315,85,12792,85.62856341920416,True,False,False
gsdS6IBEk8Q9DoxMTexanVBfgLI1UzAPsWaZh21PZBg=,0x0e5d90c5b5b75851d02f8286e78ed3b7af85d6920ca92a0f73cdc268fff185c0,Moshicam,133566,180,27645,1.0780003593236747,True,False,False
aWuNB+5mklnapGsyBMh4Igpdl8e6JeGAFQW0cp1KN14=,0xc0901c8f9503f0bf91a1cca0c6c90e55af8719cc2237fb4a0bf0770b307cbd11,Basepaint,120513,180,4583,1.8785894664097296,True,False,False
l5D8eaAKqeJb+R8Q94GmrcZiPuwEgmZjQK8GKQiIYDk=,0x867b0364ac86ff4cc61a47ee99a0f96c8b952af8728442a048f7e3ac5892aae9,Gaslite Drop,110852,172,581,10.726650674342876,True,False,False
EWGl5CyDKCdw2krkHJwc8V1FoELaCSXGUis9SHr2+fs=,0xd765664dd27255f1ba341fbb3375439a57fb6a92313df2f7af7856233f415ed7,Linkdrop,108208,180,11341,0.9476666281298969,True,False,False
cAaBVZiIeQZu4fS3TLKB2SgqPCHj7MtzVq27nQZkmS8=,0x02065e72fe4eebfa1ebca19238e6147c8571c2b7fefae4e86e62ce768edceeb9,Exa App,105323,180,17163,0.9454254126767048,True,False,False
lRCVGOtHuZv3FlsKZQ/VwhC1NERgrSYVPYW8sSVpfLw=,0xda59222ef8b1cd429ad08e9d1ca90f38988834e74cf3439a780428b85e4788bd,Fit Club,95981,180,5278,1.7161067627644933,True,False,False
4dqHjI/pEtyPjvZVF5KMQ2gz2K9ah7yeFGwbfXSpRxA=,0x1f60db63651f74e2fc8b3ff900d05142552a763c31caf3a8c8e62b0953f02bf2,SuperVol,93254,47,28788,2.682541446469925,True,False,False
fmFqLtFVrR1bA9bONSlNrblHhlZFJg9LXJMS+r2bX6Q=,0x40cda7edf27894d647d9433ded29290966f5c258dade2c3ea36427fccf0ef3c9,Veil Cash,92509,58,9695,4.478534761592429,True,False,False
wBCRJMqM8KTnoqC0KsyDhf/hW7HF0wFgU9+ZacWz66E=,0x692340d3ec51f53411126f8247003e2b87b113cfdf4a322b4e38d6bbe5822c5f,MemeWallet,89229,95,43,0.0655436699381433,True,True,False
w5IsGVcdo+bpiRrYuOuxPpNKmmWP+fKCDDRKWF0fuMY=,0x2e0e80846b4d52b126f3c9a20a01876bbcb80de67befe916870c5d8736af6c2a,Builder Score,85295,179,28279,8.858533254229819,True,False,False
uAWTL5naoNXYNpp7weim8ypopqmN4+H9fO7/1wOjpeA=,0x800707befd6c94e7cea794200a6fee1155e54ca94bc10ee85d15c3f23845b10c,Ethereum Follow Protocol,78152,158,28183,1.2992642648813424,True,False,False
f9XY1drAwGvq0ipsMBC3S+hi/BnAOW9s7YSx7LA0qq8=,0x1d3ec77661554ddaeab18519930b218ba5185016a0e770ce4664a831a1eef7f4,Larry,74121,90,9177,3.01239561549254,True,False,False
X6uKsuT8UV+j3gKV2WzBwPDTYt8fVFQsLDj1m5/Da7A=,0xf7669f10edbb4ca465f6a6b5ec7e90521a0011e8b3233c43e3cd0dd22633d67f,Human ID,70141,180,88,0.6838386706564229,True,False,False
XfpYvFk/xJ0pvTt79xWtRwuMnekQrcIH2Mflz97Lo3E=,0x2a2d2dbfa03619094fbeb6474776f2f3b5f6be443c8576abc6f3caa2c18dc45e,Morkie,56799,172,49226,0.1368156948324028,True,False,False
FtR3yU/WmvB77sgIAosTTO8ZpYKa4lUQU9iXu5XQjWI=,0xe2ef3fbfd10df401a0221939359e96af29805db8936c1199ae7532262c69ec5f,The Button,54805,36,22,0.0011350879554049354,True,False,False
qpgChJsGqtFnDQQU8CdZ8Ab5N/OjV4xdwEw5irdZl4A=,0xdba6f6be6f7cddd6b7f291292ab4179ad4dbe92fc8a85612f76dc67fc480a8a9,LasMeta,53475,21,51610,2.6535709256031503,True,False,False
nckCvGKDs0P9bf7kRCdh2afi3oujVYloGf/8XipTY5M=,0x0d72f0fd9ca1d475f2fc199ebe456f80212d24d02d9dbabca6137442e61c5f3f,Infected,51481,4,4858,74.54617670734042,True,False,False
xyqCuzyp2siN+L8QgwpvSjTruF2y+tvB++HwqdWDFXY=,0xa1f96576ad998e804140caccd478bae81b8b1059a107166df87b59fbf42c9e4a,OnChainGM,51171,56,28269,4.606419518718443,True,False,False
rnCU69afAeJVsln1gXM1Pt6cMqD09FFS5C8Q38NWifM=,0x120cdd8e43ae1efbafdf02eda876e1952c05a52870c8d5a8f56d9ec0f79f586d,Passport XYZ | Gitcoin Passport,48330,180,39853,2.0425467249200135,True,False,False
hD0YqnPkTkll8Q5jDDldaT6hXIYPwjtTsnR2B5cF6Dw=,0xf8e1a0a465eb42239f0c15651c658cd25e922880a3b5714949804034c57ace41,Womex,46118,180,14241,0.36790493693578824,True,False,False
U+8BPKrK6j10zOy/OaelXzf16agGOaHKyf2N1g0e+BY=,0xc18c18bdc097d4c9158f37be7cac00b77b6abccbde70123954c31d07e1631d3d,Jamit,45919,167,35,0.24875463518174687,True,False,False
kzVtJyjzFHc1PHeVOLOQBylRu9CEXQs0ViUbfhERY70=,0xf9513b5bfca3be3513450bd56b48ae485ce157aa56c1d8b2e06a68bce0b8d084,LeverageX by Javsphere,44664,99,1134,12.218408145077634,True,True,False
D9n+rXQGt9BVQ/3Ta/BbgMaWPiAH0K+6s+mPnoVHH6E=,0xf87906563da69538c969ba438f127ce5f2196e76c84c9026ab6dafc4280b6be3,PHI,39785,180,10496,3.722218441767157,True,False,False
Peg1TbQF7DkRiJx5Kb1lOlbwr9lRiotJWzh5acZ06Z8=,0xdc8c675a16e135a3518852b240cde44e9105622473623bf86725a9abb8d18847,Get Mint,36949,180,13058,0.30858173655261933,True,False,False
WCwKOQkL47c1qQ2wVcJ1IcpLMGIXmFHflr4UVQsagVM=,0x513265758a3804184b6a0771d99c1a4b04d3267bacd4b914e89ff991de229f6a,Create2Deployer,36450,180,13309,0.420791950191896,True,False,False
46oGoJxfh3hgKRcdb1vV4roA6oGVgyRXbycfPk/Q5x8=,0xe6371e0b190ff5db00617519599cbbafe719db0386e42a0af106b8c7f9161b63,NERZO,35962,174,24826,0.13498548390820003,True,False,False
wXNHytnTdLtuJcPtRtlqIPJ9WtnN6qAM3GH/t0Uiuh4=,0x928dcd931ff2bc44a5d3b15c500adfbf8d3e3a89e4936823e0b3f053c38f978c,Hedgey,35432,180,25015,0.7646109931823095,True,False,False
y3k6Rt51vfFOeCM/kbTF+KTmd1rv1z70eWqp2Xtv4rU=,0xc55fe3df4a2689935cc0a4b912e3f913de7a8c1c6758370550aaf25a949ec79c,Golden Otter,34969,18,20,0.0008500737711971113,True,False,False
Lgm8mST2VJg3Qtcvrd3ChAbGOEorxtFzO+k9eyJMgzA=,0xe13ef8130233ba5feca029110f3abf30cb33f7efe2d915ba7e536200b67fe0bf,Glo Dollar,30154,180,3371,0.026849783906993916,True,False,False
yHC4i4mkg5sXaXOF4Mih0UyHDYVS7+0+9zuqnDFvClY=,0x8f7edabd00cd8a9bc0065eec465bd3d97ebe3f4632c8d3d52b336a9bc1d8fb3a,SuperSwap,29716,56,13954,1.7288316994610076,True,True,False
7Iv5H47guOZI+q3EgByroFWR0Dw7uoImhWPboCDC0FQ=,0x182f5a5c04ccdc4739ee9f362af72d7a0f55d6b410cc9dc2b52dc7f99f06f3f9,far.quest - Farcaster Super App,28032,180,14107,0.2674756507467788,True,False,False
FfXoEN2YNayzuwjlJN2xtQWdP5War/J/3WLgkc8sX6s=,0xd7a8e115b2b3772d7d5656d7798e349dcdedf2463302c78528c9e9686ab4efe3,OmniHub,26337,180,13409,0.8074450501114975,True,False,False
WTkrSKGFE/NJQ8Aw/49PoV7EkJpIxlRdws/Mq4Do5RE=,0xd774790974f07c7c5130903d47ae885f0f3415f0c8ee1bee9c4b17ed2faaafaa,create.party.app,25165,178,6975,0.03918331495973569,True,False,False
dk1gwy0G/dP9SOcyolL+bfgPQJ0ngqXF6ro9qyQdGwo=,0xf9ebb0464e7162627ab3de5fe03a21c879e932233e1453f2139c2126eb93f72e,Air3,25139,179,8356,0.11972400918153411,True,False,False
R/s1bYEjmNlJ2C9XthjT1evUQ14obvGzmvmaIcTiSNY=,0x44ca2c89a912ec7e3f2a38aaecde63044fcaa3024839eb628081a3bcba9c0490,DackieVerse,23642,180,4175,0.05167401170678845,True,False,False
VuCrFAWDzI1K7USE+kh9ECxcEa/iG9eVHG6EMS/8iS4=,0x6435c8574014275b1d554a3ab9dd85f775fa3563258ce855d6aeb07e7918f6e5,Hypersub,22327,180,4544,1.3678241141705076,True,False,False
AZ2Cqzo/nAUqbj7th1e993Xfpf7qvT2WvHlomSZQ78o=,0xa2a580dae44336df1cbcb7a5303880f393068fb96116e10e180e10f5745dccd4,fxhash / $fxh,18123,180,3290,0.19724061422856823,True,False,False
i7+GWX1oIywd4Pd5yL9aZAFhBIjY40c48Yg4BXFKW9o=,0x8efcf1b6e879bb6ec89d5982b8da840757053731b8972c4a07a6ce9b6ffcfc89,Bogdan,17114,180,4027,1.1143466674383329,True,True,False
eQqgI+0QbOMFFc7BRVNZGqxKr1lvAGNLl3Sr1/VEKuo=,0xe672c4e1230d7870e73e2ba6a9c5389f321dde735289bf33575e163a6ea2f00f,Got Vision,15804,97,24,0.0004915109806466986,True,False,False
CLooyJmWtPF9yQUB4BsGdmBM/qHmQIddyhAY91j/lkI=,0xe11a4f107e474ae204a45e4f674f6d422f2230c9675f9ebfba1eb2af217c2d1b,Eat The Pie,15804,97,24,0.0008338633831857275,True,False,False
zpXh+xI4A77C9Y/ortXA0jU/33Zj+QztUOpW3hJ+w8A=,0xe20f59eb1c8f9cb72e07b8d0f067bac997614fd6db06d8c031c5c9235f760dcc,L2Pass,15279,180,5774,0.0434837676175404,True,False,False
Xrci3TfxGk1fFof+fNzWx6Had1yDlmU1CoHHRvzLMGo=,0x7fd813000c03bd11fdf3ded76a3b46db355218c72947acea7f14871a5b0a9258,Satoshi's Secret,12061,179,10092,0.046166823306497504,True,False,False
EiimK/OjLUXPLh91Eh3t7O5IPVEiNNykVTjSu2fbyx0=,0x533b2f5a5496206f22fc2fa7bf4343db0318c1b2598f9dd2098eacb42a8bae67,Chimpers,11394,166,1256,0.20744864020887727,True,False,False
zVWBMiOJHTeEPXEgWSl1B+tsS8W9vwfv2QU32ANB8yY=,0xae3efd865f9584671ede5e94c83190b0aea5ac5d77eb0179ba849bcaae314546,Base Logos,9518,114,8080,0.33797738950626766,True,False,False
iNNzyDb1b6aPQ291ha6SmzQdeiZctC/fFM3CohvMmXI=,0xdce84cb69d195ad28d7dcf878c7b43b284b7f5c2d2df5c0bc0f1e6d486bad786,JOOCE,9509,46,2410,0.4730036505751846,True,True,False
BXpAWjeSIrRWSlHT561SHU4JKO3BHpomlfoXzuQvE0o=,0xd17c16ed0ff3c31ae81ae9af4070a2150db0be538cabcb720c67cc5f221d3965,World Billboard,9111,26,25,0.0004508138258039718,True,False,False
R1GLGswje04y83WJr2mIPpUxPl+F5hQCZaR19YyXhGA=,0x4b987d79912367ada6c3fa1bf6ad1daa6d164078f8c5efc8db2128b9231087a9,Sturdy,8132,180,2942,0.5142019796489058,True,False,False
db8LWE2icLZuD0o0yjqQoxT4+oXvlmHMVT4O2TqKJCo=,0x79159d9bd4981ce68651fb4d585fd5827215309e503f46209adb0ec438f71b30,Slice,7547,180,1017,6.5606769498366235,True,False,False
x9MZObEzydNAk1HPdRO8azvLIkNL0gAIgOIvKthPIbs=,0x808b31862cec6dccf3894bb0e76ce4ca298e4c2820e2ccbf4816da740463b220,Fractal Visions,7475,178,1477,0.3089787394278716,True,False,False
NLj2mhenkGEK3NfYV1RiiO/SkcD4s/WjJdxaH90crnI=,0xdf92f936b0ddd6c5a944d3e2be594168ea108b0909e510b955333c5ef0b40242,ethOS - The Ethereum Phone,7420,135,2333,0.3020957542903664,True,False,False
+Xyt1tUxrXrbR9UH3h/0BmCBJJpBDBuFyJFBdmt/U44=,0x46d819ee72e9b51fb0175286e6ade010776b39cdb56aee88bc9f39501050eb92,Team Finance,6260,180,1782,0.06679045786688549,True,True,False
jOnKrCSU5myGHe3ICVGoabpmdtZ+V8gcqRisDpepqCc=,0x4775f0b321dfa33f32ca86c677c1516d24d4803f6f6ac12e6e0c2dd0d98ac80a,CREDITONCHAIN,6024,121,6017,0.32557810594576625,True,False,False
ZALEuKWY71Qcj7Tlf8hFHl8XmmlMlST+Cu1ztrue/Xg=,0x76a797e0221710bcbaa35e3bda042e6f62d11af7796ea90dca306114538b527c,Stepan's demo project,5751,169,10,0.002222250171336193,True,False,False
8Cgztczct8fnsJW6D2OQcFRY6nClKNyOC7Le0soED94=,0xaa1b878800206da24ee7297fb202ef98a6af0fb3ec298a65ba6b675cb4f4144b,Stepan's project,5751,169,10,0.002270727096323853,True,False,False
c7vW2qABqwjRHtS3aEF1+uZeC9kqrKtd7Bv7sQiSS0s=,0xb9b7f1175044c211555b5589ee389263d2e455f99c1505e6b121cf6e3f5caaff,Based Onchain Dinos,5523,180,1548,0.891106345824792,True,False,False
E9yoTCB99+LE9wbUKkODvnBEt275ZlNATXDdKnFLQbQ=,0x5be59dc0909b4da309af49cd207bfd84aa172475abefdaa3bc8442625b723ec3,TAIKAI,5412,118,118,0.006379594345670833,True,True,False
AWt4h9zeTVKtlCCptcCdxAqt1P8tHvgZLjpDLlttfmc=,0x740297a85de756f69945e2cfd9d439598cdb06a70e409e91664c701f5c0af34c,TOCD Studio,4150,180,1884,0.035285047912796255,True,False,False
GPkPw2+sHiMSo0u65ZfnIeqLYHIGvf+ZI+BtpSZG6KE=,0x5c76f623580566171af2a9553e8b7b230acc71aeb8829446d5eae2579ecda369,WebHash.com,3995,170,757,0.01587782605902027,True,False,False
EGnIDudfUQWj4qmCCyERNT/b3h/3l1STaJjMaUmG6es=,0x24937e547db8ac83965a3d781ef7fe2861f9bbf79828cbc60fcc0598213c5b0a,Echow,3647,59,625,0.1352041089392321,True,False,False
jB/Odn2EzRAIVyyhY7eTBdOtrWdBQr1Bn9QFSaJc6uQ=,0xc6203aeab9c0b7346ca9bcb36a2db50c7823908fd66ad61913a53ad6dbc77192,ZKP2P,3469,117,282,0.04734841291761025,True,False,False
tXGS6SGDHNL8TAhS+fj8+qzF7+FFbx0qJrdfVY2j62I=,0x93b1eafeb62f6cd5099ad82068763c1fd21f9d881c4e1a474ab854876ea84441,Based Year 2024,2822,42,2575,0.05926171426386215,True,False,False
whSzne13utJrOkyjbU5X3xEuZbQPNrNOHTiQKzQFJlU=,0xb60780abaff82da08ddb98703d6792d806f03f190f6dcd7d0b8e7346533bd4eb,Web3bridge,2579,63,141,0.01431461900735608,True,False,False
Pbk+QmBSQjMMVayM2NC4roJq1go7oUlvVl0F1Kp33Xk=,0xed3d54e5394dc3ed01f15a67fa6a70e203df31c928dad79f70e25cb84f6e2cf9,HostIT,2552,13,2,0.0015904940531145256,True,False,False
ujotQ1D+YnXHFVrSwoa3pj8b5jOvXNPF0rfALNIG5GI=,0xe95adf2385dce0a2d8117a410d0a9adcc40710da9cd6d5abdfcb66454a80e59b,tinyass unicorns,2522,177,1251,0.04025699353794293,True,False,False
skDPKeyDWR3XcKKNuFPI/Ef65tIZxbNSiGZcZo376jQ=,0x6fc25d7c763441933c53333f0f9105b37cc74d88f21ef61b3b7eaf94cba45bfb,Amped Finance,2258,9,13,0.0060032910595415375,False,True,False
Qh14iOZBPtSPGbuqtJ8wIL11rSdu0gBx6RvzUt9V9sI=,0x913ca97cfc8b587734059e4df9cc6de28ef590727e13e1b30ae9a57bea881731,April Token,2214,151,100,0.0012319979860255215,True,False,False
gqAHXIAEt3c1wcx3zIvyc+StftbLzXh5j2GSHeePfBo=,0xa6e21a58b178cdfd073df12288b8edf761b595c2938b81c64e40c944a1403432,Spectra Finance,1636,180,224,0.045745839881856425,True,False,False
qk50KaCd7CHh7oEQjBIVuFDNPzANNpE3yaA2GCpB9Q4=,0xa45ebed9267cf10226c68abc98b1871bdfa611ee51050c161e316be1dbf7e696,Based Onchain Cubes,1457,177,776,0.007332325300194744,True,False,False
umhKsF0TiR5L7wQeq75Nt/yOXWrKLbyuYJBGNtT6Ces=,0xf1358b33be174954b454aebca311fc83753dc1d8c743e25c829091ccd69fedd0,Tiny Based Frogs,1457,177,776,0.008350101900704551,True,False,False
VC9dxEcF3J+NFOJK8oXbeYtOWMI3kyD/r5G+Z7nu2Bg=,0x07bbe4af3099fbf9f18fb4ac7078ee836c5d0d3cc2c29f192dd366455671e2a5,Guac (Farcaster),1457,177,776,0.009127079405424631,True,False,False
tnIsq+BWiIkXbY18UI8L609BBs89EO4o+MJ3+hmFsAA=,0x9e50828e261179c6d1a5c107c7c2c16907b4b529fef416f64af781c5b2ff29d1,Amazing Hunt,1380,120,4,0.0017504377391996334,True,False,False
jxyZJmCIfOjgmygX+xfrjrczCzVNGl6y/3qNAN+b/YI=,0x0674e95c746371103249c2c987d64515a4ed5c19dc3fd6a7338f7716ab8afeb4,SnakyCat,1175,62,68,0.001010244795248114,True,False,False
LhmNJDpUL4rqmFhVZn3LA/7JHVuRJ56GF9HoGUUhzt0=,0xff350d81524a79a1062f5f4977b45406b822fb4f150ba5a8516b0edf876add0e,Hermes,1036,128,174,0.01615482234271455,True,True,False
hle+N3YM5tghdfpBxLGwU6k4Bo8wDYIbcCehL36wclE=,0xb41e32621e56fbe7d89052f3c852ff70c6bfe21ba5a91910ef2fd548eb6e4e8a,Mintify,1008,157,451,0.012923793200964264,True,False,False
ZYxDUEvRWLmr9Tpf2u0ztP2fVUg0H0NLROMVdJQNDRM=,0x260127629089be48b8b1ee07c8962451a7f54374163217c7e72188d1ffc8749f,BakerFi,861,172,220,0.11253165540717415,False,True,False
93BBdChzOJAS6sfGob9PLuLiC+NwuB5EJVVW/DHQ2vM=,0x5b054742b09f8ce4092a15700ef9781520a6ff2928ba5ee09c78ad4dd8817b85,Kiwi News,770,159,472,0.0006354324667962858,True,False,False
shVzoDEk43o/o3eLSpahwHfj/tn5zrcHqS8SYUzufrA=,0x17192aa9ad034d44d99abdcea664c21532e69f865eb7824d10db09e94e7418da,HAMsters,704,80,123,0.042754640552462614,False,False,False
igtO7r3BNEsM8PUwfeWPGcua331z+/D8tlSWUxIWqB4=,0xfa43f3b12992a9d3d7811ac876c9baa5a81bf9775abfc605e720ec0a90f67786,Metopia,654,70,419,0.18584036948405422,False,False,False
lNJHwxmG3SQnN5oVhrvAlg0Trq3FhPneMtpZsxsZTf4=,0x34521bed3b3eb4c08223fb87b6fcc64718d994bc3312c13522a67b90fbfd1df6,Vexy Marketplace,530,40,82,0.0019088958677060661,False,False,False
usDyvf5/FbrSIBD+zIg7Gl4TGIe3HiKC7H8gXOLfNB0=,0x4243a08e8c46ffd7c6249ef02baf09b98dd2c086a25ddf76f723b82b3c93b71f,Virtualia Magazine,466,88,118,0.03636843740266672,False,False,False
b7muW3E2hHlOFEZs7c+McXNU+W3S2DAxZdpAKlO4xgA=,0x8425bbc8232af955e04d40e708e489a37826ea0d503951368cb8fb8f489bdf14,Collectr,433,129,123,0.005507216644960488,False,False,False
0L11pj/6WGXOemNtNgE7vay5aRrGaEJ9WPG5YP9Xts4=,0x55c2b578a1e34fbbc872dd8736b8e7dda4c87d12522db966f1bf3e75af900f13,WorldPot,339,44,5,0.9417174159447675,False,False,False
0MI7/f1TFue+ihXO4T7BeNCz3YWUeQH5klAKwkuswco=,0xf53963670e53dd0b7717dcee2cc92b370893944b742ac438a7d0da563d9209bd,InfoFinance,339,44,5,0.9417172965854513,False,False,False
sf0AvWU1WZLtC4wh/FDYTRU3hyXTux1NqPmabzUABnc=,0x15b210abdc6acfd99e60255792b2b78714f4e8c92c4c5e91b898d48d046212a4,MiniBridge,215,104,14,0.077685800653522,False,False,False
Rfo5GCgPfxv8mAjJ09WxZZ5ZhlXm5XaUEcDBackrAk8=,0x512e27ae7e194a31bbde426c25d78b5d43916192674d71a0c4deeea1c622f166,motoDEX,202,6,103,0.00083777707486626,False,False,False
iMLtNGxl570+RXnqdRC64uLu7ZtFLxImZ5Bj1zIEVls=,0x156641d6720964c32e4491c0deaf83a424ec3af5e7df8cc0c93a794e5205a7e0,Harvest.art,186,42,84,0.0019103858890915238,False,False,False
OF1V6dVTQOyDRB5uGdm4yvqv6vkP4TlM22Q/wyrZUZI=,0x8f4ac538c2ad2092565a751354d1f11edf4eb3c1ab435de677d2545249f2b744,Fabrii2K,163,33,74,0.00110711956405935,False,False,False
K8y2l5sctus7C4k9W4DfdC+e1OC01pqrvTROnUpMkgk=,0x8997fa34367532a9072ca36c424498162980303a8d36fc49d58c5ac7daac9311,VRNouns,155,71,95,0.000586599366804096,False,False,False
co0ICqxqrmJ9a1EsZhd2V7DDmDv1pfaIAxANttA9fBw=,0xc42d914c33ae90e388d0129dfcb43b0dcfe66272876b636830b9556d492f1a45,Mugen Craft,149,41,89,0.00044172676362404,False,False,False
12zkxLUMRU5rtnRi6MToafW1bkyD3yn/ksFVk/OE3+0=,0xee345ddf96e54920ab4b32bf055b6324ca49dcce0063787137557de0a3b20d35,F1337,149,41,89,0.00035503245697576303,False,False,False
YQs1yyGOSRlEd1a+Rrg179+4RuUlQOCLs+3LHa48xco=,0x959c370aa6c127bdd45ba3fcf97242457ac09f0e3e12457b01f345bd10843c1c,ArtGridz,144,52,20,0.008138601963873017,False,False,False
8Y5qG9yF+MFlTqxjDUfp0DOCIFutLjdvd6uwdZk+X2c=,0x5316b19c17eba417d70b924baa6a1c467b14069968424d14fcf1409f2a308873,Bored Town Launchpad,121,63,78,0.00023107917983825204,False,False,False
rb2UtsHsdjrP44lrniVF9ja6m62SEPB0g39/O2m53U4=,0xb6a587b5b85b1c70847442e3b4a84cecfb55aedd286628a85fbb12770ceb7018,Travenesia,64,51,45,0.00018109454948296797,False,False,False
LLK6remJzmNWYHJv5LsqViPMz+6FR4LML+t1E9V62WQ=,0xdd5998cc29bcd164fe277beb1e64f1fb28390886bc736a218fca0369537c719f,Records.xyz,62,11,9,0.0010795023953783637,False,False,False
zCbuxTOy64SbO/+l0E7LtLS2VMhiw+1o0eedXw2s/ao=,0x991062ec81edb818a542e45d7c142cc62bc06e68b582273bd2ae1b037c2d6791,Titan Layer,46,5,8,0.0009836266569482961,False,False,False
uYpXuxpTb33CBu9QsVmK2iE/4d47wpn9hHED3hEQRi4=,0xab21a3e2428a81b96eff96f345efe5e2673d8188c15d1346a5829d4f4fa5f3e5,Fundit.Fun,14,2,5,0.000648370077229398,False,False,False
/2hjsm9xH1NvgIs/dHx5VOVM4ml/C6hfQu97wBgdpfo=,0xd35cc78b456bf11d4acc96d2c227b29fa4115ad9d93ae211a31974a408ed8303,Diffuse Data Feeds,12,3,2,1.7698259554460001e-06,False,False,False
SUaETe9RSmxA6e5SBseHYYZJylEoxPRSMrdjhHoh55I=,0x92f33d0611c514cafbf54780ec7925a6080a37a192683444c30116cb099d95e7,PinSave,7,5,6,1.118282762525e-06,False,False,False
fUkDvtE6aGHLHs9dfhp8rzhhzh7uintrSaO61/OVooU=,0x2cb7fb23e5d066f65a80a09b2eab34d76bbac06de1af16c31dcf2e54119639c3,Smellcheckmate,3,1,2,0.027500025071386,False,False,False
514s67lKQTp5eW88EJW1fw6fMnCv2Gi3f1c+c36aHjk=,0x59fcf753703c0f32c9d601b7f0071304819e832262efc0c0903f932bb586d10b,youbuidl,1,1,1,5.60719990416e-07,False,False,False
hxU1nnOFEhGsrGFfD7pziC+gqLyN61d5U1voAgtc0Lg=,0x1335476de5a24573f3fa1297827fbeb02921948d678b399c7367fb956d08a6cc,Opstack For Cats Dream ☑️,0,0,0,0.0,,False,False
67HtqtpnqpRJPom4vV9xU0P1AqUVZyDM9OLJg67V8Xs=,0xd02a257c1ba5f958b9534a121a1fcf41321bbf2d19f6f6709d062b6e75c9fd1e,Jonas DJDJDJD,0,0,0,0.0,,False,False
1JT70BN2/Rwx6aSj0KsAtMwm544c8iMGSkvndKJTFZ4=,0x7fe1f445a110236c7355b3abb2d7fe8c02e32f400253b9b134ad6ab7afc0f6fc,TapBase,0,0,0,0.0,,False,False
JvOTLO8yAiBUUs+TrYBBUg3irIPOhVXdYaaGfgHMta0=,0x6e2c1df7905cd82c921f57301728d5dcd8707b42794f7cc64ae374abca01a48c,Turkish Meme Creator,0,0,0,0.0,,False,False
+inHxf/47M81HpCJDOPqeN8ZQrT0nC0q1wfs9HzHSTI=,0x9f207ec89f5ddbcb96d2551d6633a0da7595b10705622bdccd04a3bd670f3719,Mykhailo Kashkarov,0,0,0,0.0,,False,False
gShBUgODnfUHQo2svXnecUd6kG22drV+Og4nxdq/82k=,0x2c1d2ae68e4a718a04a41f1a9fde1ed0648602e08c150e3f72d3dc7ef22dd71a,GM,0,0,0,0.0,,False,False
ZcxGuOFKrVdSeP7Ej7qb9S1bs4waWJMHTjpNEOP+tq0=,0xbbb2ce15e5047267dcd0f25775dde250f27f9828a30574f86c8b3326175e7ddc,Babylonians,0,0,0,0.0,,False,False
WwD15TDI0zlabHrh3/gxft2JBqvbGTyVgE9+M5f6mRI=,0x4f538dc7dde4b4dc490fb24d75f41aa17c07a0fc429f62d4ffbafe371eb6b5d7,BABY.COW,0,0,0,0.0,,False,False
7TekQLhtLodQPwAS1BebZwGBDxSc6WD7Uo01XwPDnrs=,0x23bac276184fdfd992ab309ea103a22fd3a4ebc28a1016a3d3de4e9d97e90d77,builders ,0,0,0,0.0,,False,False
yDPb9jYgbyBsuRoT4r6rLDkPhEU4mogZntNAavzn4bA=,0x8d1971ff2cf36055f986399fc91bff2d3bf815d2cff4f169f154fc70035fc193,ETH Daily,0,0,0,0.0,,False,False
UAmMTs325Xv+90F/N7ofCj5nky1GREAGoru+OMiHioQ=,0x75e78fd68a1f9412783513515efcad7fa40867cb119715829caaf1e5d7c6c2fd,AW Hack,0,0,0,0.0,,False,False
lGoc+rdKwNdooopWynCp0XdR8HNqPVawSR00mYSfv9g=,0x55bff36906b3e55bff995b4a7d73fd6651eeba4274ad49e269b29157bbf2fee2,8 Bit Cats☑️,0,0,0,0.0,,False,False
